factory_twin_asset_id,zone,room,equipment_name,equipment_type,equipment_id,physical_asset_id,serial_number,manufacturer,model,device_id,plc_scada_mes_identifier,source_system,source_record,verification_method,verified_at,verifier_or_process,mapping_status,spatial_status,identity_confidence
EQP-F1-0001,FZ-F1-0005,,,,,,,,,,,,,,,,UNMAPPED,MEASURED_CAD,
EQP-F1-0002,FZ-F1-0014,,,,,,,,,,,,,,,,UNMAPPED,UNRESOLVED,
EQP-F1-0002-C01,FZ-F1-0014,,,,,,,,,,,,,,,,UNMAPPED,MEASURED_CAD,
EQP-F1-0002-C02,FZ-F1-0014,,,,,,,,,,,,,,,,UNMAPPED,MEASURED_CAD,
EQP-F1-0002-C03,FZ-F1-0014,,,,,,,,,,,,,,,,UNMAPPED,MEASURED_CAD,
EQP-F1-0002-C04,FZ-F1-0014,,,,,,,,,,,,,,,,UNMAPPED,MEASURED_CAD,
EQP-F1-0002-C05,FZ-F1-0014,,,,,,,,,,,,,,,,UNMAPPED,MEASURED_CAD,
EQP-F1-0002-C06,FZ-F1-0014,,,,,,,,,,,,,,,,UNMAPPED,MEASURED_CAD,
EQP-F1-0002-C07,FZ-F1-0014,,,,,,,,,,,,,,,,UNMAPPED,MEASURED_CAD,
EQP-F1-0002-C08,FZ-F1-0014,,,,,,,,,,,,,,,,UNMAPPED,MEASURED_CAD,
EQP-F1-0002-C09,FZ-F1-0014,,,,,,,,,,,,,,,,UNMAPPED,MEASURED_CAD,
EQP-F1-0003,FZ-F1-0005,,,,,,,,,,,,,,,,UNMAPPED,MEASURED_CAD,
EQP-F1-0004,FZ-F1-0005,,,,,,,,,,,,,,,,UNMAPPED,MEASURED_CAD,
EQP-F1-0005,FZ-F1-0005,,,,,,,,,,,,,,,,UNMAPPED,MEASURED_CAD,
EQP-F1-0006,FZ-F1-0005,,,,,,,,,,,,,,,,UNMAPPED,MEASURED_CAD,
EQP-F1-0007,FZ-F1-0005,,,,,,,,,,,,,,,,UNMAPPED,MEASURED_CAD,
EQP-F1-0008,FZ-F1-0005,,,,,,,,,,,,,,,,UNMAPPED,MEASURED_CAD,
EQP-F1-0009,FZ-F1-0005,,,,,,,,,,,,,,,,UNMAPPED,MEASURED_CAD,
EQP-F1-0010,FZ-F1-0005,,,,,,,,,,,,,,,,UNMAPPED,MEASURED_CAD,
EQP-F1-0011,FZ-F1-0011,,,,,,,,,,,,,,,,UNMAPPED,MEASURED_CAD,
EQP-F1-0012,FZ-F1-0005,,,,,,,,,,,,,,,,UNMAPPED,MEASURED_CAD,
EQP-F1-0013,FZ-F1-0005,,,,,,,,,,,,,,,,UNMAPPED,MEASURED_CAD,
EQP-F1-0015,FZ-F1-0005,,,,,,,,,,,,,,,,UNMAPPED,MEASURED_CAD,
EQP-F1-0016,FZ-F1-0011,,,,,,,,,,,,,,,,UNMAPPED,MEASURED_CAD,
EQP-F1-0017,FZ-F1-0011,,,,,,,,,,,,,,,,UNMAPPED,MEASURED_CAD,
EQP-F1-0018,FZ-F1-0011,,,,,,,,,,,,,,,,UNMAPPED,MEASURED_CAD,
EQP-F1-0019,FZ-F1-0011,,,,,,,,,,,,,,,,UNMAPPED,UNRESOLVED,
EQP-F1-0020,FZ-F1-0011,,,,,,,,,,,,,,,,UNMAPPED,UNRESOLVED,
EQP-F1-0021,FZ-F1-0005,,,,,,,,,,,,,,,,UNMAPPED,MEASURED_CAD,
EQP-F1-0022,FZ-F1-0005,,,,,,,,,,,,,,,,UNMAPPED,MEASURED_CAD,
EQP-F1-0023,FZ-F1-0005,,,,,,,,,,,,,,,,UNMAPPED,MEASURED_CAD,
EQP-F1-0024,FZ-F1-0014,,,,,,,,,,,,,,,,UNMAPPED,MEASURED_CAD,
EQP-F1-0025,,,,,,,,,,,,,,,,,UNMAPPED,UNRESOLVED,
EQP-F1-0026,FZ-F1-0014,,,,,,,,,,,,,,,,UNMAPPED,MEASURED_CAD,
EQP-F1-0027,FZ-F1-0005,,,,,,,,,,,,,,,,UNMAPPED,MEASURED_CAD,
EQP-F1-0028,FZ-F1-0005,,,,,,,,,,,,,,,,UNMAPPED,MEASURED_CAD,
EQP-F1-0029,FZ-F1-0004,,,,,,,,,,,,,,,,UNMAPPED,MEASURED_CAD,
EQP-F1-0030,FZ-F1-0004,,,,,,,,,,,,,,,,UNMAPPED,MEASURED_CAD,
EQP-F1-0031,FZ-F1-0005,,,,,,,,,,,,,,,,UNMAPPED,MEASURED_CAD,
EQP-F1-0032,FZ-F1-0011,,,,,,,,,,,,,,,,UNMAPPED,MEASURED_CAD,
EQP-F1-0033,FZ-F1-0011,,,,,,,,,,,,,,,,UNMAPPED,MEASURED_CAD,
EQP-F1-0034,FZ-F1-0011,,,,,,,,,,,,,,,,UNMAPPED,MEASURED_CAD,
EQP-F1-0035,FZ-F1-0011,,,,,,,,,,,,,,,,UNMAPPED,MEASURED_CAD,
EQP-F1-0036,FZ-F1-0011,,,,,,,,,,,,,,,,UNMAPPED,MEASURED_CAD,
EQP-F1-0037,FZ-F1-0011,,,,,,,,,,,,,,,,UNMAPPED,MEASURED_CAD,
EQP-F1-0038,FZ-F1-0011,,,,,,,,,,,,,,,,UNMAPPED,MEASURED_CAD,
EQP-F1-0039,FZ-F1-0011,,,,,,,,,,,,,,,,UNMAPPED,MEASURED_CAD,
EQP-F1-0040,FZ-F1-0011,,,,,,,,,,,,,,,,UNMAPPED,MEASURED_CAD,
EQP-F1-0041,FZ-F1-0011,,,,,,,,,,,,,,,,UNMAPPED,MEASURED_CAD,
EQP-F1-0042,FZ-F1-0011,,,,,,,,,,,,,,,,UNMAPPED,UNRESOLVED,
EQP-F1-0043,FZ-F1-0011,,,,,,,,,,,,,,,,UNMAPPED,UNRESOLVED,
EQP-F1-0044,FZ-F1-0011,,,,,,,,,,,,,,,,UNMAPPED,UNRESOLVED,
EQP-F1-0045,FZ-F1-0011,,,,,,,,,,,,,,,,UNMAPPED,MEASURED_CAD,
EQP-F1-0046,FZ-F1-0011,,,,,,,,,,,,,,,,UNMAPPED,MEASURED_CAD,
EQP-F1-0047,FZ-F1-0011,,,,,,,,,,,,,,,,UNMAPPED,MEASURED_CAD,
EQP-F1-0048,FZ-F1-0011,,,,,,,,,,,,,,,,UNMAPPED,MEASURED_CAD,
EQP-F1-0049,FZ-F1-0011,,,,,,,,,,,,,,,,UNMAPPED,MEASURED_CAD,
EQP-F1-0050,FZ-F1-0011,,,,,,,,,,,,,,,,UNMAPPED,MEASURED_CAD,
EQP-F1-0051,FZ-F1-0011,,,,,,,,,,,,,,,,UNMAPPED,MEASURED_CAD,
EQP-F1-0052,FZ-F1-0011,,,,,,,,,,,,,,,,UNMAPPED,MEASURED_CAD,
EQP-F1-0053,FZ-F1-0011,,,,,,,,,,,,,,,,UNMAPPED,MEASURED_CAD,
EQP-F1-0054,FZ-F1-0011,,,,,,,,,,,,,,,,UNMAPPED,MEASURED_CAD,
EQP-F1-0055,,,,,,,,,,,,,,,,,UNMAPPED,MEASURED_CAD,
EQP-F1-0056,,,,,,,,,,,,,,,,,UNMAPPED,MEASURED_CAD,
EQP-F1-0057,,,,,,,,,,,,,,,,,UNMAPPED,MEASURED_CAD,
EQP-F1-0058,,,,,,,,,,,,,,,,,UNMAPPED,MEASURED_CAD,
EQP-F1-0059,,,,,,,,,,,,,,,,,UNMAPPED,MEASURED_CAD,
EQP-F1-0060,,,,,,,,,,,,,,,,,UNMAPPED,MEASURED_CAD,
EQP-F1-0061,,,,,,,,,,,,,,,,,UNMAPPED,MEASURED_CAD,
EQP-F1-0062,FZ-F1-0016,,,,,,,,,,,,,,,,UNMAPPED,MEASURED_CAD,
EQP-F1-0063,FZ-F1-0036,,,,,,,,,,,,,,,,UNMAPPED,UNRESOLVED,
EQP-F1-0064,FZ-F1-0036,,,,,,,,,,,,,,,,UNMAPPED,UNRESOLVED,
EQP-F1-0065,FZ-F1-0036,,,,,,,,,,,,,,,,UNMAPPED,UNRESOLVED,
EQP-F1-0066,FZ-F1-0036,,,,,,,,,,,,,,,,UNMAPPED,UNRESOLVED,
EQP-F1-0067,FZ-F1-0036,,,,,,,,,,,,,,,,UNMAPPED,UNRESOLVED,
EQP-F1-0068,FZ-F1-0036,,,,,,,,,,,,,,,,UNMAPPED,UNRESOLVED,
EQP-F1-0069,FZ-F1-0036,,,,,,,,,,,,,,,,UNMAPPED,UNRESOLVED,
EQP-F1-0070,FZ-F1-0036,,,,,,,,,,,,,,,,UNMAPPED,UNRESOLVED,
EQP-F1-0071,FZ-F1-0002,,,,,,,,,,,,,,,,UNMAPPED,UNRESOLVED,
EQP-F1-0072,FZ-F1-0036,,,,,,,,,,,,,,,,UNMAPPED,UNRESOLVED,
EQP-F1-0073,FZ-F1-0036,,,,,,,,,,,,,,,,UNMAPPED,UNRESOLVED,
EQP-F1-0074,FZ-F1-0036,,,,,,,,,,,,,,,,UNMAPPED,UNRESOLVED,
EQP-F1-0075,FZ-F1-0036,,,,,,,,,,,,,,,,UNMAPPED,MEASURED_CAD,
EQP-F1-0076,FZ-F1-0036,,,,,,,,,,,,,,,,UNMAPPED,MEASURED_CAD,
EQP-F1-0077,FZ-F1-0036,,,,,,,,,,,,,,,,UNMAPPED,MEASURED_CAD,
EQP-F1-0078,FZ-F1-0036,,,,,,,,,,,,,,,,UNMAPPED,UNRESOLVED,
EQP-F1-0079,FZ-F1-0036,,,,,,,,,,,,,,,,UNMAPPED,UNRESOLVED,
EQP-F1-0080,FZ-F1-0036,,,,,,,,,,,,,,,,UNMAPPED,UNRESOLVED,
EQP-F1-0081,FZ-F1-0036,,,,,,,,,,,,,,,,UNMAPPED,UNRESOLVED,
EQP-F1-0082,FZ-F1-0036,,,,,,,,,,,,,,,,UNMAPPED,UNRESOLVED,
EQP-F1-0083,FZ-F1-0036,,,,,,,,,,,,,,,,UNMAPPED,UNRESOLVED,
EQP-F1-0084,FZ-F1-0036,,,,,,,,,,,,,,,,UNMAPPED,UNRESOLVED,
EQP-F1-0085,FZ-F1-0036,,,,,,,,,,,,,,,,UNMAPPED,UNRESOLVED,
EQP-F1-0086,FZ-F1-0036,,,,,,,,,,,,,,,,UNMAPPED,UNRESOLVED,
EQP-F1-0087,FZ-F1-0036,,,,,,,,,,,,,,,,UNMAPPED,UNRESOLVED,
EQP-F1-0088,FZ-F1-0036,,,,,,,,,,,,,,,,UNMAPPED,UNRESOLVED,
EQP-F1-0089,FZ-F1-0036,,,,,,,,,,,,,,,,UNMAPPED,MEASURED_CAD,
EQP-F1-0090,FZ-F1-0036,,,,,,,,,,,,,,,,UNMAPPED,MEASURED_CAD,
EQP-F1-0091,FZ-F1-0036,,,,,,,,,,,,,,,,UNMAPPED,MEASURED_CAD,
EQP-F1-0092,FZ-F1-0016,,,,,,,,,,,,,,,,UNMAPPED,MEASURED_CAD,
EQP-F1-0093,FZ-F1-0036,,,,,,,,,,,,,,,,UNMAPPED,UNRESOLVED,
EQP-F1-0094,FZ-F1-0036,,,,,,,,,,,,,,,,UNMAPPED,UNRESOLVED,
EQP-F1-0095,FZ-F1-0036,,,,,,,,,,,,,,,,UNMAPPED,UNRESOLVED,
EQP-F1-0096,FZ-F1-0036,,,,,,,,,,,,,,,,UNMAPPED,UNRESOLVED,
EQP-F1-0097,FZ-F1-0036,,,,,,,,,,,,,,,,UNMAPPED,UNRESOLVED,
EQP-F1-0098,FZ-F1-0036,,,,,,,,,,,,,,,,UNMAPPED,UNRESOLVED,
EQP-F1-0099,FZ-F1-0036,,,,,,,,,,,,,,,,UNMAPPED,UNRESOLVED,
EQP-F1-0100,FZ-F1-0036,,,,,,,,,,,,,,,,UNMAPPED,UNRESOLVED,
EQP-F1-0101,FZ-F1-0014,,,,,,,,,,,,,,,,UNMAPPED,UNRESOLVED,
EQP-F1-0102,FZ-F1-0036,,,,,,,,,,,,,,,,UNMAPPED,UNRESOLVED,
EQP-F1-0103,FZ-F1-0036,,,,,,,,,,,,,,,,UNMAPPED,UNRESOLVED,
EQP-F1-0104,FZ-F1-0036,,,,,,,,,,,,,,,,UNMAPPED,UNRESOLVED,
EQP-F1-0105,FZ-F1-0036,,,,,,,,,,,,,,,,UNMAPPED,MEASURED_CAD,
EQP-F1-0106,FZ-F1-0036,,,,,,,,,,,,,,,,UNMAPPED,MEASURED_CAD,
EQP-F1-0107,FZ-F1-0036,,,,,,,,,,,,,,,,UNMAPPED,MEASURED_CAD,
EQP-F1-0108,FZ-F1-0016,,,,,,,,,,,,,,,,UNMAPPED,MEASURED_CAD,
EQP-F1-0109,FZ-F1-0006,,,,,,,,,,,,,,,,UNMAPPED,MEASURED_CAD,
EQP-F1-0110,FZ-F1-0006,,,,,,,,,,,,,,,,UNMAPPED,MEASURED_CAD,
EQP-F1-0111,FZ-F1-0006,,,,,,,,,,,,,,,,UNMAPPED,MEASURED_CAD,
EQP-F1-0112,FZ-F1-0007,,,,,,,,,,,,,,,,UNMAPPED,MEASURED_CAD,
EQP-F1-0113,FZ-F1-0007,,,,,,,,,,,,,,,,UNMAPPED,MEASURED_CAD,
EQP-F1-0114,FZ-F1-0007,,,,,,,,,,,,,,,,UNMAPPED,MEASURED_CAD,
EQP-F1-0115,FZ-F1-0007,,,,,,,,,,,,,,,,UNMAPPED,MEASURED_CAD,
EQP-F1-0116,FZ-F1-0007,,,,,,,,,,,,,,,,UNMAPPED,MEASURED_CAD,
EQP-F1-0117,FZ-F1-0007,,,,,,,,,,,,,,,,UNMAPPED,MEASURED_CAD,
EQP-F1-0118,FZ-F1-0007,,,,,,,,,,,,,,,,UNMAPPED,MEASURED_CAD,
EQP-F1-0119,FZ-F1-0005,,,,,,,,,,,,,,,,UNMAPPED,MEASURED_CAD,
EQP-F1-0120,FZ-F1-0003,,,,,,,,,,,,,,,,UNMAPPED,MEASURED_CAD,
EQP-F1-0121,FZ-F1-0003,,,,,,,,,,,,,,,,UNMAPPED,MEASURED_CAD,
EQP-F1-0122,FZ-F1-0003,,,,,,,,,,,,,,,,UNMAPPED,MEASURED_CAD,
EQP-F1-0123,FZ-F1-0003,,,,,,,,,,,,,,,,UNMAPPED,MEASURED_CAD,
EQP-F1-0124,FZ-F1-0003,,,,,,,,,,,,,,,,UNMAPPED,MEASURED_CAD,
EQP-F1-0125,FZ-F1-0003,,,,,,,,,,,,,,,,UNMAPPED,MEASURED_CAD,
EQP-F1-0126,FZ-F1-0003,,,,,,,,,,,,,,,,UNMAPPED,MEASURED_CAD,
EQP-F1-0127,FZ-F1-0003,,,,,,,,,,,,,,,,UNMAPPED,MEASURED_CAD,
EQP-F1-0128,FZ-F1-0003,,,,,,,,,,,,,,,,UNMAPPED,MEASURED_CAD,
EQP-F1-0129,FZ-F1-0003,,,,,,,,,,,,,,,,UNMAPPED,MEASURED_CAD,
EQP-F1-0130,FZ-F1-0003,,,,,,,,,,,,,,,,UNMAPPED,MEASURED_CAD,
EQP-F1-0131,FZ-F1-0003,,,,,,,,,,,,,,,,UNMAPPED,MEASURED_CAD,
EQP-F1-0132,FZ-F1-0003,,,,,,,,,,,,,,,,UNMAPPED,MEASURED_CAD,
EQP-F1-0133,FZ-F1-0003,,,,,,,,,,,,,,,,UNMAPPED,MEASURED_CAD,
EQP-F1-0134,FZ-F1-0003,,,,,,,,,,,,,,,,UNMAPPED,MEASURED_CAD,
EQP-F1-0135,FZ-F1-0003,,,,,,,,,,,,,,,,UNMAPPED,MEASURED_CAD,
EQP-F1-0136,FZ-F1-0003,,,,,,,,,,,,,,,,UNMAPPED,MEASURED_CAD,
EQP-F1-0137,FZ-F1-0003,,,,,,,,,,,,,,,,UNMAPPED,MEASURED_CAD,
EQP-F1-0138,FZ-F1-0003,,,,,,,,,,,,,,,,UNMAPPED,MEASURED_CAD,
EQP-F1-0139,FZ-F1-0003,,,,,,,,,,,,,,,,UNMAPPED,MEASURED_CAD,
EQP-F1-0140,FZ-F1-0003,,,,,,,,,,,,,,,,UNMAPPED,MEASURED_CAD,
EQP-F1-0141,FZ-F1-0003,,,,,,,,,,,,,,,,UNMAPPED,MEASURED_CAD,
EQP-F1-0142,FZ-F1-0003,,,,,,,,,,,,,,,,UNMAPPED,MEASURED_CAD,
EQP-F1-0143,FZ-F1-0003,,,,,,,,,,,,,,,,UNMAPPED,MEASURED_CAD,
EQP-F1-0144,FZ-F1-0003,,,,,,,,,,,,,,,,UNMAPPED,MEASURED_CAD,
EQP-F1-0145,FZ-F1-0003,,,,,,,,,,,,,,,,UNMAPPED,MEASURED_CAD,
EQP-F1-0146,FZ-F1-0003,,,,,,,,,,,,,,,,UNMAPPED,MEASURED_CAD,
EQP-F1-0147,FZ-F1-0003,,,,,,,,,,,,,,,,UNMAPPED,MEASURED_CAD,
EQP-F1-0148,FZ-F1-0003,,,,,,,,,,,,,,,,UNMAPPED,MEASURED_CAD,
EQP-F1-0149,FZ-F1-0003,,,,,,,,,,,,,,,,UNMAPPED,MEASURED_CAD,
EQP-F1-0150,FZ-F1-0003,,,,,,,,,,,,,,,,UNMAPPED,MEASURED_CAD,
EQP-F1-0151,FZ-F1-0003,,,,,,,,,,,,,,,,UNMAPPED,MEASURED_CAD,
EQP-F1-0152,FZ-F1-0003,,,,,,,,,,,,,,,,UNMAPPED,MEASURED_CAD,
EQP-F1-0153,,,,,,,,,,,,,,,,,UNMAPPED,UNRESOLVED,
EQP-F1-0154,,,,,,,,,,,,,,,,,UNMAPPED,UNRESOLVED,
EQP-F1-0155,,,,,,,,,,,,,,,,,UNMAPPED,UNRESOLVED,
EQP-F1-0156,,,,,,,,,,,,,,,,,UNMAPPED,UNRESOLVED,
EQP-F1-0157,,,,,,,,,,,,,,,,,UNMAPPED,UNRESOLVED,
EQP-F1-0158,,,,,,,,,,,,,,,,,UNMAPPED,UNRESOLVED,
EQP-F1-0159,,,,,,,,,,,,,,,,,UNMAPPED,UNRESOLVED,
EQP-F1-0160,FZ-F1-0007,,,,,,,,,,,,,,,,UNMAPPED,MEASURED_CAD,
EQP-F1-0161,FZ-F1-0007,,,,,,,,,,,,,,,,UNMAPPED,MEASURED_CAD,
EQP-F1-0162,FZ-F1-0024,,,,,,,,,,,,,,,,UNMAPPED,MEASURED_CAD,
EQP-F1-0163,FZ-F1-0024,,,,,,,,,,,,,,,,UNMAPPED,MEASURED_CAD,
EQP-F1-0164,FZ-F1-0011,,,,,,,,,,,,,,,,UNMAPPED,MEASURED_CAD,
EQP-F1-0165,FZ-F1-0011,,,,,,,,,,,,,,,,UNMAPPED,UNRESOLVED,
EQP-F1-0166,FZ-F1-0011,,,,,,,,,,,,,,,,UNMAPPED,MEASURED_CAD,
EQP-F1-0167,FZ-F1-0011,,,,,,,,,,,,,,,,UNMAPPED,MEASURED_CAD,
EQP-F1-0168,FZ-F1-0011,,,,,,,,,,,,,,,,UNMAPPED,MEASURED_CAD,
EQP-F1-0169,FZ-F1-0011,,,,,,,,,,,,,,,,UNMAPPED,MEASURED_CAD,
EQP-F1-0170,FZ-F1-0011,,,,,,,,,,,,,,,,UNMAPPED,UNRESOLVED,
EQP-F1-0171,FZ-F1-0011,,,,,,,,,,,,,,,,UNMAPPED,MEASURED_CAD,
EQP-F1-0172,FZ-F1-0011,,,,,,,,,,,,,,,,UNMAPPED,MEASURED_CAD,
EQP-F1-0173,FZ-F1-0011,,,,,,,,,,,,,,,,UNMAPPED,MEASURED_CAD,
EQP-F1-0174,FZ-F1-0011,,,,,,,,,,,,,,,,UNMAPPED,MEASURED_CAD,
EQP-F1-0175,FZ-F1-0011,,,,,,,,,,,,,,,,UNMAPPED,MEASURED_CAD,
EQP-F1-0176,FZ-F1-0011,,,,,,,,,,,,,,,,UNMAPPED,MEASURED_CAD,
EQP-F1-0177,FZ-F1-0011,,,,,,,,,,,,,,,,UNMAPPED,MEASURED_CAD,
EQP-F1-0178,FZ-F1-0011,,,,,,,,,,,,,,,,UNMAPPED,MEASURED_CAD,
EQP-F1-0179,FZ-F1-0011,,,,,,,,,,,,,,,,UNMAPPED,MEASURED_CAD,
EQP-F1-0180,FZ-F1-0011,,,,,,,,,,,,,,,,UNMAPPED,MEASURED_CAD,
EQP-F1-0181,FZ-F1-0011,,,,,,,,,,,,,,,,UNMAPPED,MEASURED_CAD,
EQP-F1-0182,FZ-F1-0011,,,,,,,,,,,,,,,,UNMAPPED,MEASURED_CAD,
EQP-F1-0183,FZ-F1-0011,,,,,,,,,,,,,,,,UNMAPPED,MEASURED_CAD,
EQP-F1-0184,FZ-F1-0002,,,,,,,,,,,,,,,,UNMAPPED,MEASURED_CAD,
EQP-F1-0185,FZ-F1-0002,,,,,,,,,,,,,,,,UNMAPPED,MEASURED_CAD,
EQP-F1-0186,FZ-F1-0002,,,,,,,,,,,,,,,,UNMAPPED,MEASURED_CAD,
EQP-F1-0187,FZ-F1-0002,,,,,,,,,,,,,,,,UNMAPPED,MEASURED_CAD,
EQP-F1-0188,FZ-F1-0002,,,,,,,,,,,,,,,,UNMAPPED,MEASURED_CAD,
EQP-F1-0189,FZ-F1-0002,,,,,,,,,,,,,,,,UNMAPPED,MEASURED_CAD,
EQP-F1-0190,FZ-F1-0002,,,,,,,,,,,,,,,,UNMAPPED,MEASURED_CAD,
EQP-F1-0191,FZ-F1-0002,,,,,,,,,,,,,,,,UNMAPPED,MEASURED_CAD,
EQP-F1-0192,FZ-F1-0002,,,,,,,,,,,,,,,,UNMAPPED,MEASURED_CAD,
EQP-F1-0193,FZ-F1-0002,,,,,,,,,,,,,,,,UNMAPPED,MEASURED_CAD,
EQP-F1-0194,FZ-F1-0002,,,,,,,,,,,,,,,,UNMAPPED,MEASURED_CAD,
EQP-F1-0195,FZ-F1-0002,,,,,,,,,,,,,,,,UNMAPPED,MEASURED_CAD,
EQP-F1-0196,FZ-F1-0002,,,,,,,,,,,,,,,,UNMAPPED,MEASURED_CAD,
EQP-F1-0197,FZ-F1-0002,,,,,,,,,,,,,,,,UNMAPPED,MEASURED_CAD,
EQP-F1-0198,FZ-F1-0002,,,,,,,,,,,,,,,,UNMAPPED,MEASURED_CAD,
EQP-F1-0199,FZ-F1-0002,,,,,,,,,,,,,,,,UNMAPPED,MEASURED_CAD,
EQP-F1-0200,FZ-F1-0002,,,,,,,,,,,,,,,,UNMAPPED,MEASURED_CAD,
EQP-F1-0201,FZ-F1-0002,,,,,,,,,,,,,,,,UNMAPPED,MEASURED_CAD,
EQP-F1-0202,FZ-F1-0002,,,,,,,,,,,,,,,,UNMAPPED,MEASURED_CAD,
EQP-F1-0203,FZ-F1-0002,,,,,,,,,,,,,,,,UNMAPPED,MEASURED_CAD,
EQP-F1-0204,FZ-F1-0001,,,,,,,,,,,,,,,,UNMAPPED,MEASURED_CAD,
EQP-F1-0205,FZ-F1-0001,,,,,,,,,,,,,,,,UNMAPPED,MEASURED_CAD,
EQP-F1-0206,FZ-F1-0001,,,,,,,,,,,,,,,,UNMAPPED,MEASURED_CAD,
EQP-F1-0207,FZ-F1-0001,,,,,,,,,,,,,,,,UNMAPPED,MEASURED_CAD,
EQP-F1-0208,FZ-F1-0001,,,,,,,,,,,,,,,,UNMAPPED,MEASURED_CAD,
EQP-F1-0209,FZ-F1-0001,,,,,,,,,,,,,,,,UNMAPPED,MEASURED_CAD,
EQP-F1-0210,FZ-F1-0001,,,,,,,,,,,,,,,,UNMAPPED,MEASURED_CAD,
EQP-F1-0211,FZ-F1-0001,,,,,,,,,,,,,,,,UNMAPPED,MEASURED_CAD,
EQP-F1-0212,FZ-F1-0002,,,,,,,,,,,,,,,,UNMAPPED,MEASURED_CAD,
EQP-F1-0213,FZ-F1-0001,,,,,,,,,,,,,,,,UNMAPPED,MEASURED_CAD,
EQP-F1-0214,FZ-F1-0001,,,,,,,,,,,,,,,,UNMAPPED,MEASURED_CAD,
EQP-F1-0215,FZ-F1-0001,,,,,,,,,,,,,,,,UNMAPPED,MEASURED_CAD,
EQP-F1-0216,FZ-F1-0001,,,,,,,,,,,,,,,,UNMAPPED,MEASURED_CAD,
EQP-F1-0217,FZ-F1-0001,,,,,,,,,,,,,,,,UNMAPPED,MEASURED_CAD,
EQP-F1-0218,FZ-F1-0001,,,,,,,,,,,,,,,,UNMAPPED,MEASURED_CAD,
EQP-F1-0219,FZ-F1-0001,,,,,,,,,,,,,,,,UNMAPPED,MEASURED_CAD,
EQP-F1-0220,FZ-F1-0001,,,,,,,,,,,,,,,,UNMAPPED,MEASURED_CAD,
EQP-F1-0221,FZ-F1-0001,,,,,,,,,,,,,,,,UNMAPPED,MEASURED_CAD,
EQP-F1-0222,FZ-F1-0001,,,,,,,,,,,,,,,,UNMAPPED,MEASURED_CAD,
EQP-F1-0223,FZ-F1-0001,,,,,,,,,,,,,,,,UNMAPPED,MEASURED_CAD,
EQP-F1-0224,FZ-F1-0001,,,,,,,,,,,,,,,,UNMAPPED,MEASURED_CAD,
EQP-F1-0225,FZ-F1-0001,,,,,,,,,,,,,,,,UNMAPPED,MEASURED_CAD,
EQP-F1-0226,FZ-F1-0001,,,,,,,,,,,,,,,,UNMAPPED,MEASURED_CAD,
EQP-F1-0227,FZ-F1-0001,,,,,,,,,,,,,,,,UNMAPPED,MEASURED_CAD,
EQP-F1-0228,FZ-F1-0001,,,,,,,,,,,,,,,,UNMAPPED,MEASURED_CAD,
EQP-F1-0229,FZ-F1-0001,,,,,,,,,,,,,,,,UNMAPPED,MEASURED_CAD,
EQP-F1-0230,FZ-F1-0001,,,,,,,,,,,,,,,,UNMAPPED,MEASURED_CAD,
EQP-F1-0231,FZ-F1-0001,,,,,,,,,,,,,,,,UNMAPPED,MEASURED_CAD,
EQP-F1-0232,FZ-F1-0001,,,,,,,,,,,,,,,,UNMAPPED,MEASURED_CAD,
EQP-F1-0233,FZ-F1-0001,,,,,,,,,,,,,,,,UNMAPPED,MEASURED_CAD,
EQP-F1-0234,FZ-F1-0001,,,,,,,,,,,,,,,,UNMAPPED,MEASURED_CAD,
EQP-F1-0235,FZ-F1-0001,,,,,,,,,,,,,,,,UNMAPPED,MEASURED_CAD,
EQP-F1-0236,FZ-F1-0001,,,,,,,,,,,,,,,,UNMAPPED,MEASURED_CAD,
EQP-F1-0237,FZ-F1-0001,,,,,,,,,,,,,,,,UNMAPPED,MEASURED_CAD,
EQP-F1-0238,FZ-F1-0001,,,,,,,,,,,,,,,,UNMAPPED,MEASURED_CAD,
EQP-F1-0239,FZ-F1-0002,,,,,,,,,,,,,,,,UNMAPPED,MEASURED_CAD,
EQP-F1-0240,FZ-F1-0002,,,,,,,,,,,,,,,,UNMAPPED,MEASURED_CAD,
EQP-F1-0241,FZ-F1-0002,,,,,,,,,,,,,,,,UNMAPPED,MEASURED_CAD,
EQP-F1-0242,FZ-F1-0002,,,,,,,,,,,,,,,,UNMAPPED,MEASURED_CAD,
EQP-F1-0243,FZ-F1-0002,,,,,,,,,,,,,,,,UNMAPPED,MEASURED_CAD,
EQP-F1-0244,FZ-F1-0002,,,,,,,,,,,,,,,,UNMAPPED,MEASURED_CAD,
EQP-F1-0245,FZ-F1-0002,,,,,,,,,,,,,,,,UNMAPPED,MEASURED_CAD,
EQP-F1-0246,FZ-F1-0002,,,,,,,,,,,,,,,,UNMAPPED,MEASURED_CAD,
EQP-F1-0247,FZ-F1-0002,,,,,,,,,,,,,,,,UNMAPPED,MEASURED_CAD,
EQP-F1-0248,FZ-F1-0002,,,,,,,,,,,,,,,,UNMAPPED,MEASURED_CAD,
EQP-F1-0249,FZ-F1-0002,,,,,,,,,,,,,,,,UNMAPPED,MEASURED_CAD,
EQP-F1-0250,FZ-F1-0002,,,,,,,,,,,,,,,,UNMAPPED,MEASURED_CAD,
EQP-F1-0251,FZ-F1-0002,,,,,,,,,,,,,,,,UNMAPPED,MEASURED_CAD,
EQP-F1-0252,FZ-F1-0002,,,,,,,,,,,,,,,,UNMAPPED,MEASURED_CAD,
EQP-F1-0253,FZ-F1-0002,,,,,,,,,,,,,,,,UNMAPPED,MEASURED_CAD,
EQP-F1-0254,FZ-F1-0002,,,,,,,,,,,,,,,,UNMAPPED,MEASURED_CAD,
EQP-F1-0255,FZ-F1-0002,,,,,,,,,,,,,,,,UNMAPPED,MEASURED_CAD,
EQP-F1-0256,FZ-F1-0002,,,,,,,,,,,,,,,,UNMAPPED,MEASURED_CAD,
EQP-F1-0257,FZ-F1-0002,,,,,,,,,,,,,,,,UNMAPPED,MEASURED_CAD,
EQP-F1-0258,FZ-F1-0002,,,,,,,,,,,,,,,,UNMAPPED,MEASURED_CAD,
EQP-F1-0259,FZ-F1-0001,,,,,,,,,,,,,,,,UNMAPPED,MEASURED_CAD,
EQP-F1-0260,FZ-F1-0001,,,,,,,,,,,,,,,,UNMAPPED,MEASURED_CAD,
EQP-F1-0261,FZ-F1-0001,,,,,,,,,,,,,,,,UNMAPPED,MEASURED_CAD,
EQP-F1-0262,FZ-F1-0001,,,,,,,,,,,,,,,,UNMAPPED,MEASURED_CAD,
EQP-F1-0263,FZ-F1-0001,,,,,,,,,,,,,,,,UNMAPPED,MEASURED_CAD,
EQP-F1-0264,FZ-F1-0001,,,,,,,,,,,,,,,,UNMAPPED,MEASURED_CAD,
EQP-F1-0265,FZ-F1-0001,,,,,,,,,,,,,,,,UNMAPPED,MEASURED_CAD,
EQP-F1-0266,FZ-F1-0001,,,,,,,,,,,,,,,,UNMAPPED,MEASURED_CAD,
EQP-F1-0267,FZ-F1-0001,,,,,,,,,,,,,,,,UNMAPPED,MEASURED_CAD,
EQP-F1-0268,FZ-F1-0001,,,,,,,,,,,,,,,,UNMAPPED,MEASURED_CAD,
EQP-F1-0269,FZ-F1-0001,,,,,,,,,,,,,,,,UNMAPPED,MEASURED_CAD,
EQP-F1-0270,FZ-F1-0001,,,,,,,,,,,,,,,,UNMAPPED,MEASURED_CAD,
EQP-F1-0271,FZ-F1-0001,,,,,,,,,,,,,,,,UNMAPPED,MEASURED_CAD,
EQP-F1-0272,FZ-F1-0001,,,,,,,,,,,,,,,,UNMAPPED,MEASURED_CAD,
EQP-F1-0273,FZ-F1-0001,,,,,,,,,,,,,,,,UNMAPPED,MEASURED_CAD,
EQP-F1-0274,FZ-F1-0001,,,,,,,,,,,,,,,,UNMAPPED,MEASURED_CAD,
EQP-F1-0275,FZ-F1-0001,,,,,,,,,,,,,,,,UNMAPPED,MEASURED_CAD,
EQP-F1-0276,FZ-F1-0001,,,,,,,,,,,,,,,,UNMAPPED,MEASURED_CAD,
EQP-F1-0277,FZ-F1-0001,,,,,,,,,,,,,,,,UNMAPPED,MEASURED_CAD,
EQP-F1-0278,FZ-F1-0001,,,,,,,,,,,,,,,,UNMAPPED,MEASURED_CAD,
EQP-F1-0279,FZ-F1-0001,,,,,,,,,,,,,,,,UNMAPPED,MEASURED_CAD,
EQP-F1-0280,FZ-F1-0001,,,,,,,,,,,,,,,,UNMAPPED,MEASURED_CAD,
EQP-F1-0281,FZ-F1-0001,,,,,,,,,,,,,,,,UNMAPPED,MEASURED_CAD,
EQP-F1-0282,FZ-F1-0001,,,,,,,,,,,,,,,,UNMAPPED,MEASURED_CAD,
EQP-F1-0283,FZ-F1-0001,,,,,,,,,,,,,,,,UNMAPPED,MEASURED_CAD,
EQP-F1-0284,FZ-F1-0001,,,,,,,,,,,,,,,,UNMAPPED,MEASURED_CAD,
EQP-F1-0285,FZ-F1-0005,,,,,,,,,,,,,,,,UNMAPPED,UNRESOLVED,
EQP-F1-0286,FZ-F1-0036,,,,,,,,,,,,,,,,UNMAPPED,UNRESOLVED,
EQP-F1-0287,FZ-F1-0036,,,,,,,,,,,,,,,,UNMAPPED,UNRESOLVED,
EQP-F1-0288,FZ-F1-0036,,,,,,,,,,,,,,,,UNMAPPED,UNRESOLVED,
EQP-F1-0289,FZ-F1-0036,,,,,,,,,,,,,,,,UNMAPPED,UNRESOLVED,
EQP-F1-0290,FZ-F1-0036,,,,,,,,,,,,,,,,UNMAPPED,UNRESOLVED,
EQP-F1-0291,,,,,,,,,,,,,,,,,UNMAPPED,UNRESOLVED,
EQP-F1-0292,FZ-F1-0036,,,,,,,,,,,,,,,,UNMAPPED,UNRESOLVED,
EQP-F1-0293,,,,,,,,,,,,,,,,,UNMAPPED,UNRESOLVED,
EQP-F1-0294,FZ-F1-0036,,,,,,,,,,,,,,,,UNMAPPED,UNRESOLVED,
EQP-F1-0295,,,,,,,,,,,,,,,,,UNMAPPED,UNRESOLVED,
EQP-F1-0296,FZ-F1-0036,,,,,,,,,,,,,,,,UNMAPPED,UNRESOLVED,
EQP-F1-0297,FZ-F1-0036,,,,,,,,,,,,,,,,UNMAPPED,MEASURED_CAD,
EQP-F1-0298,FZ-F1-0036,,,,,,,,,,,,,,,,UNMAPPED,MEASURED_CAD,
EQP-F1-0299,FZ-F1-0036,,,,,,,,,,,,,,,,UNMAPPED,MEASURED_CAD,
EQP-F1-0300,FZ-F1-0016,,,,,,,,,,,,,,,,UNMAPPED,MEASURED_CAD,
EQP-F1-0301,FZ-F1-0009,,,,,,,,,,,,,,,,UNMAPPED,MEASURED_CAD,
EQP-F1-0302,FZ-F1-0009,,,,,,,,,,,,,,,,UNMAPPED,MEASURED_CAD,
EQP-F1-0303,FZ-F1-0009,,,,,,,,,,,,,,,,UNMAPPED,MEASURED_CAD,
EQP-F1-0304,FZ-F1-0034,,,,,,,,,,,,,,,,UNMAPPED,MEASURED_CAD,
EQP-F1-0305,FZ-F1-0034,,,,,,,,,,,,,,,,UNMAPPED,MEASURED_CAD,
EQP-F1-0306,FZ-F1-0034,,,,,,,,,,,,,,,,UNMAPPED,UNRESOLVED,
EQP-F1-0306-C01,FZ-F1-0034,,,,,,,,,,,,,,,,UNMAPPED,MEASURED_CAD,
EQP-F1-0306-C02,FZ-F1-0034,,,,,,,,,,,,,,,,UNMAPPED,MEASURED_CAD,
EQP-F1-0306-C03,FZ-F1-0034,,,,,,,,,,,,,,,,UNMAPPED,MEASURED_CAD,
EQP-F1-0306-C04,FZ-F1-0034,,,,,,,,,,,,,,,,UNMAPPED,MEASURED_CAD,
EQP-F1-0306-C05,FZ-F1-0034,,,,,,,,,,,,,,,,UNMAPPED,MEASURED_CAD,
EQP-F1-0306-C06,FZ-F1-0034,,,,,,,,,,,,,,,,UNMAPPED,MEASURED_CAD,
EQP-F1-0306-C07,FZ-F1-0034,,,,,,,,,,,,,,,,UNMAPPED,MEASURED_CAD,
EQP-F1-0306-C08,FZ-F1-0034,,,,,,,,,,,,,,,,UNMAPPED,MEASURED_CAD,
EQP-F1-0306-C09,FZ-F1-0034,,,,,,,,,,,,,,,,UNMAPPED,MEASURED_CAD,
EQP-F1-0306-C10,FZ-F1-0034,,,,,,,,,,,,,,,,UNMAPPED,MEASURED_CAD,
EQP-F1-0306-C11,FZ-F1-0034,,,,,,,,,,,,,,,,UNMAPPED,MEASURED_CAD,
EQP-F1-0306-C12,FZ-F1-0034,,,,,,,,,,,,,,,,UNMAPPED,MEASURED_CAD,
EQP-F1-0307,FZ-F1-0009,,,,,,,,,,,,,,,,UNMAPPED,MEASURED_CAD,
EQP-F1-0308,FZ-F1-0001,,,,,,,,,,,,,,,,UNMAPPED,MEASURED_CAD,
EQP-F1-0309,FZ-F1-0006,,,,,,,,,,,,,,,,UNMAPPED,MEASURED_CAD,
EQP-F1-0310,FZ-F1-0006,,,,,,,,,,,,,,,,UNMAPPED,MEASURED_CAD,
EQP-F1-0311,FZ-F1-0016,,,,,,,,,,,,,,,,UNMAPPED,MEASURED_CAD,
EQP-F1-0312,FZ-F1-0036,,,,,,,,,,,,,,,,UNMAPPED,UNRESOLVED,
EQP-F1-0313,FZ-F1-0036,,,,,,,,,,,,,,,,UNMAPPED,UNRESOLVED,
EQP-F1-0314,FZ-F1-0036,,,,,,,,,,,,,,,,UNMAPPED,UNRESOLVED,
EQP-F1-0315,FZ-F1-0036,,,,,,,,,,,,,,,,UNMAPPED,UNRESOLVED,
EQP-F1-0316,FZ-F1-0036,,,,,,,,,,,,,,,,UNMAPPED,UNRESOLVED,
EQP-F1-0317,FZ-F1-0036,,,,,,,,,,,,,,,,UNMAPPED,UNRESOLVED,
EQP-F1-0318,FZ-F1-0036,,,,,,,,,,,,,,,,UNMAPPED,UNRESOLVED,
EQP-F1-0319,FZ-F1-0036,,,,,,,,,,,,,,,,UNMAPPED,UNRESOLVED,
EQP-F1-0320,FZ-F1-0007,,,,,,,,,,,,,,,,UNMAPPED,UNRESOLVED,
EQP-F1-0321,FZ-F1-0036,,,,,,,,,,,,,,,,UNMAPPED,UNRESOLVED,
EQP-F1-0322,FZ-F1-0036,,,,,,,,,,,,,,,,UNMAPPED,UNRESOLVED,
EQP-F1-0323,FZ-F1-0036,,,,,,,,,,,,,,,,UNMAPPED,UNRESOLVED,
EQP-F1-0324,FZ-F1-0036,,,,,,,,,,,,,,,,UNMAPPED,MEASURED_CAD,
EQP-F1-0325,FZ-F1-0036,,,,,,,,,,,,,,,,UNMAPPED,MEASURED_CAD,
EQP-F1-0326,FZ-F1-0036,,,,,,,,,,,,,,,,UNMAPPED,MEASURED_CAD,
EQP-F1-0327,FZ-F1-0002,,,,,,,,,,,,,,,,UNMAPPED,MEASURED_CAD,
EQP-F1-0328,FZ-F1-0002,,,,,,,,,,,,,,,,UNMAPPED,MEASURED_CAD,
EQP-F1-0329,FZ-F1-0036,,,,,,,,,,,,,,,,UNMAPPED,MEASURED_CAD,
EQP-F1-0330,FZ-F1-0016,,,,,,,,,,,,,,,,UNMAPPED,MEASURED_CAD,
EQP-F1-0331,FZ-F1-0016,,,,,,,,,,,,,,,,UNMAPPED,MEASURED_CAD,
EQP-F1-0332,FZ-F1-0028,,,,,,,,,,,,,,,,UNMAPPED,MEASURED_CAD,
EQP-F1-0333,FZ-F1-0028,,,,,,,,,,,,,,,,UNMAPPED,MEASURED_CAD,
EQP-F1-0334,FZ-F1-0028,,,,,,,,,,,,,,,,UNMAPPED,MEASURED_CAD,
EQP-F1-0335,FZ-F1-0028,,,,,,,,,,,,,,,,UNMAPPED,MEASURED_CAD,
EQP-F1-0336,FZ-F1-0028,,,,,,,,,,,,,,,,UNMAPPED,MEASURED_CAD,
EQP-F1-0337,FZ-F1-0001,,,,,,,,,,,,,,,,UNMAPPED,MEASURED_CAD,
EQP-F1-0338,FZ-F1-0001,,,,,,,,,,,,,,,,UNMAPPED,MEASURED_CAD,
EQP-F1-0339,FZ-F1-0005,,,,,,,,,,,,,,,,UNMAPPED,MEASURED_CAD,
EQP-F1-0340,FZ-F1-0005,,,,,,,,,,,,,,,,UNMAPPED,MEASURED_CAD,
EQP-F1-0341,FZ-F1-0005,,,,,,,,,,,,,,,,UNMAPPED,MEASURED_CAD,
EQP-F1-0342,FZ-F1-0005,,,,,,,,,,,,,,,,UNMAPPED,MEASURED_CAD,
EQP-F1-0343,FZ-F1-0002,,,,,,,,,,,,,,,,UNMAPPED,MEASURED_CAD,
EQP-F1-0344,FZ-F1-0035,,,,,,,,,,,,,,,,UNMAPPED,MEASURED_CAD,
EQP-F1-0345,FZ-F1-0010,,,,,,,,,,,,,,,,UNMAPPED,MEASURED_CAD,
EQP-F1-0346,FZ-F1-0010,,,,,,,,,,,,,,,,UNMAPPED,MEASURED_CAD,
EQP-F1-0347,FZ-F1-0010,,,,,,,,,,,,,,,,UNMAPPED,MEASURED_CAD,
EQP-F1-0348,FZ-F1-0010,,,,,,,,,,,,,,,,UNMAPPED,MEASURED_CAD,
EQP-F1-0349,FZ-F1-0010,,,,,,,,,,,,,,,,UNMAPPED,MEASURED_CAD,
EQP-F1-0350,FZ-F1-0004,,,,,,,,,,,,,,,,UNMAPPED,MEASURED_CAD,
EQP-F1-0351,FZ-F1-0004,,,,,,,,,,,,,,,,UNMAPPED,MEASURED_CAD,
EQP-F1-0352,FZ-F1-0004,,,,,,,,,,,,,,,,UNMAPPED,MEASURED_CAD,
EQP-F1-0353,FZ-F1-0007,,,,,,,,,,,,,,,,UNMAPPED,MEASURED_CAD,
EQP-F1-0354,FZ-F1-0007,,,,,,,,,,,,,,,,UNMAPPED,MEASURED_CAD,
EQP-F1-0355,FZ-F1-0007,,,,,,,,,,,,,,,,UNMAPPED,MEASURED_CAD,
EQP-F1-0356,FZ-F1-0007,,,,,,,,,,,,,,,,UNMAPPED,MEASURED_CAD,
EQP-F1-0357,FZ-F1-0007,,,,,,,,,,,,,,,,UNMAPPED,MEASURED_CAD,
EQP-F1-0358,FZ-F1-0007,,,,,,,,,,,,,,,,UNMAPPED,MEASURED_CAD,
EQP-F1-0359,FZ-F1-0007,,,,,,,,,,,,,,,,UNMAPPED,MEASURED_CAD,
EQP-F1-0360,FZ-F1-0003,,,,,,,,,,,,,,,,UNMAPPED,MEASURED_CAD,
EQP-F1-0362,FZ-F1-0003,,,,,,,,,,,,,,,,UNMAPPED,MEASURED_CAD,
EQP-F1-0363,FZ-F1-0003,,,,,,,,,,,,,,,,UNMAPPED,MEASURED_CAD,
EQP-F1-0364,FZ-F1-0003,,,,,,,,,,,,,,,,UNMAPPED,MEASURED_CAD,
EQP-F1-0365,FZ-F1-0001,,,,,,,,,,,,,,,,UNMAPPED,MEASURED_CAD,
EQP-F1-0366,FZ-F1-0001,,,,,,,,,,,,,,,,UNMAPPED,MEASURED_CAD,
EQP-F1-0367,FZ-F1-0001,,,,,,,,,,,,,,,,UNMAPPED,MEASURED_CAD,
EQP-F1-0368,FZ-F1-0001,,,,,,,,,,,,,,,,UNMAPPED,MEASURED_CAD,
EQP-F1-0369,FZ-F1-0001,,,,,,,,,,,,,,,,UNMAPPED,MEASURED_CAD,
EQP-F1-0370,FZ-F1-0001,,,,,,,,,,,,,,,,UNMAPPED,MEASURED_CAD,
EQP-F1-0371,FZ-F1-0001,,,,,,,,,,,,,,,,UNMAPPED,MEASURED_CAD,
EQP-F1-0372,FZ-F1-0001,,,,,,,,,,,,,,,,UNMAPPED,MEASURED_CAD,
EQP-F1-0373,FZ-F1-0001,,,,,,,,,,,,,,,,UNMAPPED,MEASURED_CAD,
EQP-F1-0374,FZ-F1-0001,,,,,,,,,,,,,,,,UNMAPPED,MEASURED_CAD,
EQP-F1-0375,FZ-F1-0001,,,,,,,,,,,,,,,,UNMAPPED,MEASURED_CAD,
EQP-F1-0376,FZ-F1-0001,,,,,,,,,,,,,,,,UNMAPPED,MEASURED_CAD,
EQP-F1-0377,FZ-F1-0001,,,,,,,,,,,,,,,,UNMAPPED,MEASURED_CAD,
EQP-F1-0378,FZ-F1-0001,,,,,,,,,,,,,,,,UNMAPPED,MEASURED_CAD,
EQP-F1-0379,FZ-F1-0001,,,,,,,,,,,,,,,,UNMAPPED,MEASURED_CAD,
EQP-F1-0380,FZ-F1-0001,,,,,,,,,,,,,,,,UNMAPPED,MEASURED_CAD,
EQP-F1-0381,FZ-F1-0001,,,,,,,,,,,,,,,,UNMAPPED,MEASURED_CAD,
EQP-F1-0382,FZ-F1-0001,,,,,,,,,,,,,,,,UNMAPPED,MEASURED_CAD,
EQP-F1-0383,FZ-F1-0001,,,,,,,,,,,,,,,,UNMAPPED,MEASURED_CAD,
EQP-F1-0384,FZ-F1-0001,,,,,,,,,,,,,,,,UNMAPPED,MEASURED_CAD,
EQP-F1-0385,FZ-F1-0001,,,,,,,,,,,,,,,,UNMAPPED,MEASURED_CAD,
EQP-F1-0386,FZ-F1-0001,,,,,,,,,,,,,,,,UNMAPPED,MEASURED_CAD,
EQP-F1-0387,FZ-F1-0001,,,,,,,,,,,,,,,,UNMAPPED,MEASURED_CAD,
EQP-F1-0388,FZ-F1-0001,,,,,,,,,,,,,,,,UNMAPPED,MEASURED_CAD,
EQP-F1-0389,FZ-F1-0001,,,,,,,,,,,,,,,,UNMAPPED,MEASURED_CAD,
EQP-F1-0390,FZ-F1-0001,,,,,,,,,,,,,,,,UNMAPPED,MEASURED_CAD,
EQP-F1-0391,FZ-F1-0001,,,,,,,,,,,,,,,,UNMAPPED,MEASURED_CAD,
EQP-F1-0392,FZ-F1-0001,,,,,,,,,,,,,,,,UNMAPPED,MEASURED_CAD,
EQP-F1-0393,FZ-F1-0001,,,,,,,,,,,,,,,,UNMAPPED,MEASURED_CAD,
EQP-F1-0394,FZ-F1-0001,,,,,,,,,,,,,,,,UNMAPPED,MEASURED_CAD,
EQP-F1-0395,FZ-F1-0001,,,,,,,,,,,,,,,,UNMAPPED,MEASURED_CAD,
EQP-F1-0396,FZ-F1-0001,,,,,,,,,,,,,,,,UNMAPPED,MEASURED_CAD,
EQP-F1-0397,FZ-F1-0001,,,,,,,,,,,,,,,,UNMAPPED,MEASURED_CAD,
EQP-F1-0398,FZ-F1-0001,,,,,,,,,,,,,,,,UNMAPPED,MEASURED_CAD,
EQP-F1-0399,FZ-F1-0001,,,,,,,,,,,,,,,,UNMAPPED,MEASURED_CAD,
EQP-F1-0400,FZ-F1-0001,,,,,,,,,,,,,,,,UNMAPPED,MEASURED_CAD,
EQP-F1-0401,FZ-F1-0001,,,,,,,,,,,,,,,,UNMAPPED,MEASURED_CAD,
EQP-F1-0402,FZ-F1-0001,,,,,,,,,,,,,,,,UNMAPPED,MEASURED_CAD,
EQP-F1-0403,FZ-F1-0001,,,,,,,,,,,,,,,,UNMAPPED,MEASURED_CAD,
EQP-F1-0404,FZ-F1-0001,,,,,,,,,,,,,,,,UNMAPPED,MEASURED_CAD,
EQP-F1-0405,FZ-F1-0001,,,,,,,,,,,,,,,,UNMAPPED,MEASURED_CAD,
EQP-F1-0406,FZ-F1-0001,,,,,,,,,,,,,,,,UNMAPPED,MEASURED_CAD,
EQP-F1-0407,FZ-F1-0001,,,,,,,,,,,,,,,,UNMAPPED,MEASURED_CAD,
EQP-F1-0408,FZ-F1-0001,,,,,,,,,,,,,,,,UNMAPPED,MEASURED_CAD,
EQP-F1-0409,FZ-F1-0037,,,,,,,,,,,,,,,,UNMAPPED,MEASURED_CAD,
EQP-F1-0410,FZ-F1-0037,,,,,,,,,,,,,,,,UNMAPPED,MEASURED_CAD,
EQP-F1-0411,FZ-F1-0034,,,,,,,,,,,,,,,,UNMAPPED,MEASURED_CAD,
EQP-F1-0412,FZ-F1-0034,,,,,,,,,,,,,,,,UNMAPPED,MEASURED_CAD,
